<?xml version="1.0" encoding="UTF-8"?>
<beans xmlns="http://www.springframework.org/schema/beans"
	xmlns:xsi="http://www.w3.org/2001/XMLSchema-instance"
	xmlns:context="http://www.springframework.org/schema/context"
	xmlns:p="http://www.springframework.org/schema/p"
	xsi:schemaLocation="http://www.springframework.org/schema/beans http://www.springframework.org/schema/beans/spring-beans.xsd
		http://www.springframework.org/schema/context http://www.springframework.org/schema/context/spring-context-4.3.xsd">


	<context:annotation-config/>
    <context:component-scan base-package="biz"/>
	
	<bean id="dataSource" 
                class="org.apache.commons.dbcp.BasicDataSource">
       <property name="driverClassName" 
                       value="oracle.jdbc.OracleDriver"/>
       <property name="url" 
                       value="jdbc:oracle:thin:@70.12.115.51:1521:xe"/>    <!-- 51번 -->
       <property name="username" value="scott"/>
       <property name="password" value="TIGER"/>
    </bean>
    
    <!-- MyBatis -->
    <bean id="sqlSessionFactoryBean" 
                   class="org.mybatis.spring.SqlSessionFactoryBean">
        <property name="dataSource" ref="dataSource"/>
       
        <property name="configLocation" 
                         value="classpath:/mybatis_config.xml"/>
    </bean>
    
    <bean id="sqlSession" class="org.mybatis.spring.SqlSessionTemplate">
        <constructor-arg index="0" ref="sqlSessionFactoryBean"/>
    </bean>
    
</beans>
